{
  "label": "GPT-OSS-20B (compact)",
  "n_total": 200,
  "n_valid": 200,
  "mae": 0.0705115,
  "median_ae": 0.05080000000000001,
  "outlier_fraction_gt_0.1": 0.215
}